[
  {
    "id": 1,
    "image": "https://images.unsplash.com/photo-1484788984921-03950022c9ef?w=500&auto=format&fit=crop&q=60&ixlib=rb-4.0.3&ixid=M3wxMjA3fDB8MHxzZWFyY2h8Mnx8bGFwdG9wfGVufDB8fDB8fHww",
    "title": "Laptop",
    "type": "Physical",
    "reason": "my laptop is broken",
    "department": "Finacial Accountant",
    "qty": 5,
    "condition": "Good",
    "profileImg": "https://images.unsplash.com/photo-1502823403499-6ccfcf4fb453?w=500&auto=format&fit=crop&q=60&ixlib=rb-4.0.3&ixid=M3wxMjA3fDB8MHxzZWFyY2h8M3x8cHJvZmlsZXxlbnwwfHwwfHx8MA%3D%3D",
    "assignTo": "Kongmeng",
    "assignedDate": "01 January 2024"
  },
  {
    "id": 2,
    "image": "https://images.unsplash.com/photo-1484788984921-03950022c9ef?w=500&auto=format&fit=crop&q=60&ixlib=rb-4.0.3&ixid=M3wxMjA3fDB8MHxzZWFyY2h8Mnx8bGFwdG9wfGVufDB8fDB8fHww",
    "title": "Laptop",
    "type": "Physical",
    "reason": "my laptop is broken",
    "department": "Finacial Accountant",
    "qty": 5,
    "condition": "Low",
    "profileImg": "https://images.unsplash.com/photo-1502823403499-6ccfcf4fb453?w=500&auto=format&fit=crop&q=60&ixlib=rb-4.0.3&ixid=M3wxMjA3fDB8MHxzZWFyY2h8M3x8cHJvZmlsZXxlbnwwfHwwfHx8MA%3D%3D",
    "assignTo": "Kongmeng",
    "assignedDate": "01 January 2024"
  },
  {
    "id": 3,
    "image": "https://images.unsplash.com/photo-1484788984921-03950022c9ef?w=500&auto=format&fit=crop&q=60&ixlib=rb-4.0.3&ixid=M3wxMjA3fDB8MHxzZWFyY2h8Mnx8bGFwdG9wfGVufDB8fDB8fHww",
    "title": "Laptop",
    "type": "Physical",
    "reason": "my laptop is broken",
    "department": "Finacial Accountant",
    "qty": 5,
    "condition": "Low",
    "profileImg": "https://images.unsplash.com/photo-1502823403499-6ccfcf4fb453?w=500&auto=format&fit=crop&q=60&ixlib=rb-4.0.3&ixid=M3wxMjA3fDB8MHxzZWFyY2h8M3x8cHJvZmlsZXxlbnwwfHwwfHx8MA%3D%3D",
    "assignTo": "Kongmeng",
    "assignedDate": "01 January 2024"
  },
  {
    "id": 4,
    "image": "https://images.unsplash.com/photo-1484788984921-03950022c9ef?w=500&auto=format&fit=crop&q=60&ixlib=rb-4.0.3&ixid=M3wxMjA3fDB8MHxzZWFyY2h8Mnx8bGFwdG9wfGVufDB8fDB8fHww",
    "title": "Laptop",
    "type": "Physical",
    "reason": "my laptop is broken",
    "department": "Finacial Accountant",
    "qty": 5,
    "condition": "Good",
    "profileImg": "https://images.unsplash.com/photo-1502823403499-6ccfcf4fb453?w=500&auto=format&fit=crop&q=60&ixlib=rb-4.0.3&ixid=M3wxMjA3fDB8MHxzZWFyY2h8M3x8cHJvZmlsZXxlbnwwfHwwfHx8MA%3D%3D",
    "assignTo": "Kongmeng",
    "assignedDate": "01 January 2024"
  },
  {
    "id": 5,
    "image": "https://images.unsplash.com/photo-1484788984921-03950022c9ef?w=500&auto=format&fit=crop&q=60&ixlib=rb-4.0.3&ixid=M3wxMjA3fDB8MHxzZWFyY2h8Mnx8bGFwdG9wfGVufDB8fDB8fHww",
    "title": "Laptop",
    "type": "Physical",
    "reason": "HDMI port is broken",
    "department": "Finacial Accountant",
    "qty": 5,
    "condition": "Medium",
    "profileImg": "https://images.unsplash.com/photo-1502823403499-6ccfcf4fb453?w=500&auto=format&fit=crop&q=60&ixlib=rb-4.0.3&ixid=M3wxMjA3fDB8MHxzZWFyY2h8M3x8cHJvZmlsZXxlbnwwfHwwfHx8MA%3D%3D",
    "assignTo": "Kongmeng",
    "assignedDate": "01 January 2024"
  },
  {
    "id": 6,
    "image": "https://images.unsplash.com/photo-1484788984921-03950022c9ef?w=500&auto=format&fit=crop&q=60&ixlib=rb-4.0.3&ixid=M3wxMjA3fDB8MHxzZWFyY2h8Mnx8bGFwdG9wfGVufDB8fDB8fHww",
    "title": "Laptop",
    "type": "Physical",
    "reason": "my laptop is brokenmy laptop is brokenmy laptop is brokenmy laptop is brokenmy laptop is brokenmy laptop is brokenmy laptop is brokenmy laptop is brokenmy laptop is brokenmy laptop is broken",
    "department": "Finacial Accountant",
    "qty": 5,
    "condition": "Good",
    "profileImg": "https://images.unsplash.com/photo-1502823403499-6ccfcf4fb453?w=500&auto=format&fit=crop&q=60&ixlib=rb-4.0.3&ixid=M3wxMjA3fDB8MHxzZWFyY2h8M3x8cHJvZmlsZXxlbnwwfHwwfHx8MA%3D%3D",
    "assignTo": "Kongmeng",
    "assignedDate": "01 January 2024"
  },
  {
    "id": 7,
    "image": "https://images.unsplash.com/photo-1484788984921-03950022c9ef?w=500&auto=format&fit=crop&q=60&ixlib=rb-4.0.3&ixid=M3wxMjA3fDB8MHxzZWFyY2h8Mnx8bGFwdG9wfGVufDB8fDB8fHww",
    "title": "Laptop",
    "type": "Physical",
    "reason": "my laptop is brokenmy laptop is brokenmy laptop is brokenmy laptop is brokenmy laptop is brokenmy laptop is brokenmy laptop is brokenmy laptop is brokenmy laptop is brokenmy laptop is broken",
    "department": "Finacial Accountant",
    "qty": 5,
    "condition": "Good",
    "profileImg": "https://images.unsplash.com/photo-1502823403499-6ccfcf4fb453?w=500&auto=format&fit=crop&q=60&ixlib=rb-4.0.3&ixid=M3wxMjA3fDB8MHxzZWFyY2h8M3x8cHJvZmlsZXxlbnwwfHwwfHx8MA%3D%3D",
    "assignTo": "Kongmeng",
    "assignedDate": "01 January 2024"
  },
  {
    "id": 8,
    "image": "https://images.unsplash.com/photo-1484788984921-03950022c9ef?w=500&auto=format&fit=crop&q=60&ixlib=rb-4.0.3&ixid=M3wxMjA3fDB8MHxzZWFyY2h8Mnx8bGFwdG9wfGVufDB8fDB8fHww",
    "title": "Laptop",
    "type": "Physical",
    "reason": "my laptop is broken",
    "department": "Finacial Accountant",
    "qty": 5,
    "condition": "Good",
    "profileImg": "https://images.unsplash.com/photo-1502823403499-6ccfcf4fb453?w=500&auto=format&fit=crop&q=60&ixlib=rb-4.0.3&ixid=M3wxMjA3fDB8MHxzZWFyY2h8M3x8cHJvZmlsZXxlbnwwfHwwfHx8MA%3D%3D",
    "assignTo": "Kongmeng",
    "assignedDate": "01 January 2024"
  },
  {
    "id": 9,
    "image": "https://images.unsplash.com/photo-1484788984921-03950022c9ef?w=500&auto=format&fit=crop&q=60&ixlib=rb-4.0.3&ixid=M3wxMjA3fDB8MHxzZWFyY2h8Mnx8bGFwdG9wfGVufDB8fDB8fHww",
    "title": "Laptop",
    "type": "Physical",
    "reason": "my laptop is broken",
    "department": "Finacial Accountant",
    "qty": 5,
    "condition": "Good",
    "profileImg": "https://images.unsplash.com/photo-1502823403499-6ccfcf4fb453?w=500&auto=format&fit=crop&q=60&ixlib=rb-4.0.3&ixid=M3wxMjA3fDB8MHxzZWFyY2h8M3x8cHJvZmlsZXxlbnwwfHwwfHx8MA%3D%3D",
    "assignTo": "Kongmeng",
    "assignedDate": "01 January 2024"
  },
  {
    "id": 10,
    "image": "https://images.unsplash.com/photo-1484788984921-03950022c9ef?w=500&auto=format&fit=crop&q=60&ixlib=rb-4.0.3&ixid=M3wxMjA3fDB8MHxzZWFyY2h8Mnx8bGFwdG9wfGVufDB8fDB8fHww",
    "title": "Laptop",
    "type": "Physical",
    "reason": "my laptop is brokenmy laptop is brokenmy laptop is brokenmy laptop is brokenmy laptop is brokenmy laptop is brokenmy laptop is brokenmy laptop is brokenmy laptop is brokenmy laptop is broken",
    "department": "Finacial Accountant",
    "qty": 5,
    "condition": "Good",
    "profileImg": "https://images.unsplash.com/photo-1502823403499-6ccfcf4fb453?w=500&auto=format&fit=crop&q=60&ixlib=rb-4.0.3&ixid=M3wxMjA3fDB8MHxzZWFyY2h8M3x8cHJvZmlsZXxlbnwwfHwwfHx8MA%3D%3D",
    "assignTo": "Kongmeng",
    "assignedDate": "01 January 2024"
  },
  {
    "id": 11,
    "image": "https://images.unsplash.com/photo-1484788984921-03950022c9ef?w=500&auto=format&fit=crop&q=60&ixlib=rb-4.0.3&ixid=M3wxMjA3fDB8MHxzZWFyY2h8Mnx8bGFwdG9wfGVufDB8fDB8fHww",
    "title": "Laptop",
    "type": "Physical",
    "reason": "my laptop is broken",
    "department": "Finacial Accountant",
    "qty": 5,
    "condition": "Good",
    "profileImg": "https://images.unsplash.com/photo-1502823403499-6ccfcf4fb453?w=500&auto=format&fit=crop&q=60&ixlib=rb-4.0.3&ixid=M3wxMjA3fDB8MHxzZWFyY2h8M3x8cHJvZmlsZXxlbnwwfHwwfHx8MA%3D%3D",
    "assignTo": "Kongmeng",
    "assignedDate": "01 January 2024"
  },
  {
    "id": 12,
    "image": "https://images.unsplash.com/photo-1484788984921-03950022c9ef?w=500&auto=format&fit=crop&q=60&ixlib=rb-4.0.3&ixid=M3wxMjA3fDB8MHxzZWFyY2h8Mnx8bGFwdG9wfGVufDB8fDB8fHww",
    "title": "Laptop",
    "type": "Physical",
    "reason": "my laptop is broken",
    "department": "Finacial Accountant",
    "qty": 5,
    "condition": "Good",
    "profileImg": "https://images.unsplash.com/photo-1502823403499-6ccfcf4fb453?w=500&auto=format&fit=crop&q=60&ixlib=rb-4.0.3&ixid=M3wxMjA3fDB8MHxzZWFyY2h8M3x8cHJvZmlsZXxlbnwwfHwwfHx8MA%3D%3D",
    "assignTo": "Kongmeng",
    "assignedDate": "01 January 2024"
  }
]
