[
  {
    "id": "1",
    "title": "Desktop Computer",
    "qty": 5,
      "unit": 100,
    "condition": "Good",
    "type": "Physical",
    "image": "https://media.istockphoto.com/id/1224543901/photo/horizontal-no-people-shot-of-contemporary-workspace-interior-in-modern-office-or-at-home.jpg?s=612x612&w=0&k=20&c=8Nd0q-cjO2vooullci3CgfwuMZ5bH0yr-WYGwK9Ux3s=",
    "reason": "It won't start up",
    "problem": "The screen remains black.",
    "profileImg": "https://images.unsplash.com/photo-1730786246397-f60903de5e93?w=500&auto=format&fit=crop&q=60&ixlib=rb-4.0.3&ixid=M3wxMjA3fDB8MHxwcm9maWxlLXBhZ2V8Mnx8fGVufDB8fHx8fA%3D%3D",
    "assignedTo": "Rithyhong",
    "department": "Front-End Dev",
    "assignedDate": "01 November 2023",
    "reassignDate": "04 November 2024"
  },
  {
    "id": "2",
    "title": "Tablet",
    "qty": 3,
      "unit": 100,
    "condition": "Low",
    "type": "Physical",
    "image": "https://images.unsplash.com/photo-1611532736597-de2d4265fba3?w=400&auto=format&fit=crop&q=60&ixlib=rb-4.0.3&ixid=M3wxMjA3fDB8MHxzZWFyY2h8NHx8VGFibGV0fGVufDB8fDB8fHww",
    "reason": "Screen cracked",
    "problem": "The display is broken.",
    "profileImg": "https://images.unsplash.com/photo-1730782736411-b69de44fffd1?w=450&auto=format&fit=crop&q=60&ixlib=rb-4.0.3&ixid=M3wxMjA3fDB8MHxwcm9maWxlLXBhZ2V8MXx8fGVufDB8fHx8fA%3D%3D",
    "assignedTo": "Kongmeng",
    "department": "Back-end",
    "assignedDate": "03 November 2023",
    "reassignDate": "13 November 2024"
  },
  {
    "id": "3",
    "title": "Smartphone",
    "qty": 5,
      "unit": 100,
    "condition": "Medium",
    "type": "Soft",
    "image": "https://images.unsplash.com/photo-1720048171731-15b3d9d5473f?w=400&auto=format&fit=crop&q=60&ixlib=rb-4.0.3&ixid=M3wxMjA3fDF8MHxzZWFyY2h8MXx8U21hcnRwaG9uZXxlbnwwfHwwfHx8MA%3D%3D",
    "reason": "Battery is not charging",
    "problem": "The phone won't hold a charge.",
    "profileImg": "https://images.unsplash.com/photo-1730786898473-9bac309bcc23?w=400&auto=format&fit=crop&q=60&ixlib=rb-4.0.3&ixid=M3wxMjA3fDB8MHxwcm9maWxlLXBhZ2V8Mnx8fGVufDB8fHx8fA%3D%3D",
    "assignedTo": "Dalen",
    "department": "Back-end",
    "assignedDate": "02 November 2023",
    "reassignDate": "05 November 2024"
  },
  {
    "id": "4",
    "title": "Printer",
    "qty": 5,
      "unit": 100,
    "condition": "Good",
    "type": "Physical",
    "image": "https://images.unsplash.com/photo-1650094980833-7373de26feb6?w=400&auto=format&fit=crop&q=60&ixlib=rb-4.0.3&ixid=M3wxMjA3fDB8MHxzZWFyY2h8Mnx8UHJpbnRlcnxlbnwwfHwwfHx8MA%3D%3D",
    "reason": "Not printing correctly",
    "problem": "The output is faded.",
    "profileImg": "https://images.unsplash.com/photo-1730786967469-9bc9eb19814e?w=400&auto=format&fit=crop&q=60&ixlib=rb-4.0.3&ixid=M3wxMjA3fDB8MHxwcm9maWxlLXBhZ2V8MXx8fGVufDB8fHx8fA%3D%3D",
    "assignedTo": "Hongmeng",
    "department": "Project Manager",
    "assignedDate": "04 November 2023",
    "reassignDate": "01 November 2024"
  },
  {
    "id": "5",
    "title": "Router",
    "qty": 3,
      "unit": 100,
    "condition": "Low",
    "type": "Physical",
    "image": "https://images.unsplash.com/photo-1726033589589-c4628bbba368?w=400&auto=format&fit=crop&q=60&ixlib=rb-4.0.3&ixid=M3wxMjA3fDB8MHxzZWFyY2h8Nnx8Um91dGVyfGVufDB8fDB8fHww",
    "reason": "Connectivity issues",
    "problem": "Frequent disconnections.",
    "profileImg": "https://images.unsplash.com/photo-1730782736411-b69de44fffd1?w=450&auto=format&fit=crop&q=60&ixlib=rb-4.0.3&ixid=M3wxMjA3fDB8MHxwcm9maWxlLXBhZ2V8MXx8fGVufDB8fHx8fA%3D%3D",
    "assignedTo": "Kongmeng",
    "department": "Back-end",
    "assignedDate": "09 November 2023",
    "reassignDate": "07 November 2024"
  },
  {
    "id": "6",
    "title": "External Hard Drive",
    "qty": 5,
      "unit": 100,
    "condition": "Medium",
    "type": "Physical",
    "image": "https://images.unsplash.com/photo-1581725645226-92ad3b4c16d8?w=400&auto=format&fit=crop&q=60&ixlib=rb-4.0.3&ixid=M3wxMjA3fDB8MHxzZWFyY2h8MTl8fEV4dGVybmFsJTIwSGFyZCUyMERyaXZlfGVufDB8fDB8fHww",
    "reason": "Data recovery needed",
    "problem": "Files are inaccessible.",
    "profileImg": "https://images.unsplash.com/photo-1730786246397-f60903de5e93?w=500&auto=format&fit=crop&q=60&ixlib=rb-4.0.3&ixid=M3wxMjA3fDB8MHxwcm9maWxlLXBhZ2V8Mnx8fGVufDB8fHx8fA%3D%3D",
    "assignedTo": "Rithyhong",
    "department": "Front-End Dev",
    "assignedDate": "03 November 2023",
    "reassignDate": "01 November 2024"
  },
  {
    "id": "7",
    "title": "Webcam",
    "qty": 5,
      "unit": 100,
    "condition": "Good",
    "type": "Physical",
    "image": "https://media.istockphoto.com/id/829753870/photo/webcam.jpg?s=612x612&w=0&k=20&c=zzgzE0a8hcZiQo9ZCjyQ9ATaA19hDkLvq3LD-18sN7Q=",
    "reason": "Not recognized by computer",
    "problem": "Webcam fails to connect.",
    "profileImg": "https://images.unsplash.com/photo-1730786967469-9bc9eb19814e?w=400&auto=format&fit=crop&q=60&ixlib=rb-4.0.3&ixid=M3wxMjA3fDB8MHxwcm9maWxlLXBhZ2V8MXx8fGVufDB8fHx8fA%3D%3D",
    "assignedTo": "Hongmeng",
    "department": "Project Manager",
    "assignedDate": "02 November 2023",
    "reassignDate": "06 November 2024"
  },
  {
    "id": "8",
    "title": "Gaming Console",
    "qty": 3,
      "unit": 100,
    "condition": "Low",
    "type": "Soft",
    "image": "https://media.istockphoto.com/id/1287173816/photo/new-playstation-5.jpg?s=612x612&w=0&k=20&c=dE2RWaFzaVyI9G78ue4_W_mIQlMgavuDKwIXjqEy6p8=",
    "reason": "Freezing issues",
    "problem": "The console crashes frequently.",
    "profileImg": "https://images.unsplash.com/photo-1730786898473-9bac309bcc23?w=400&auto=format&fit=crop&q=60&ixlib=rb-4.0.3&ixid=M3wxMjA3fDB8MHxwcm9maWxlLXBhZ2V8Mnx8fGVufDB8fHx8fA%3D%3D",
    "assignedTo": "Dalen",
    "department": "Back-end",
    "assignedDate": "04 November 2023",
    "reassignDate": "02 November 2024"
  },
  {
    "id": "9",
    "title": "Smartwatch",
    "qty": 3,
      "unit": 100,
    "condition": "Good",
    "type": "Soft",
    "image": "https://images.unsplash.com/photo-1600087626120-062700394a01?w=400&auto=format&fit=crop&q=60&ixlib=rb-4.0.3&ixid=M3wxMjA3fDB8MHxzZWFyY2h8MTJ8fFNtYXJ0cGhvbmV8ZW58MHx8MHx8fDA%3D",
    "reason": "Battery draining quickly",
    "problem": "Not holding a charge.",
    "profileImg": "https://images.unsplash.com/photo-1730786246397-f60903de5e93?w=500&auto=format&fit=crop&q=60&ixlib=rb-4.0.3&ixid=M3wxMjA3fDB8MHxwcm9maWxlLXBhZ2V8Mnx8fGVufDB8fHx8fA%3D%3D",
    "assignedTo": "Rithyhong",
    "department": "Front-End Dev",
    "assignedDate": "05 November 2023",
    "reassignDate": "02 November 2024"
  },
  {
    "id": "10",
    "title": "Laptop",
    "qty": 2,
      "unit": 100,
    "condition": "Medium",
    "type": "Physical",
    "image": "https://plus.unsplash.com/premium_photo-1681160405580-a68e9c4707f9?w=400&auto=format&fit=crop&q=60&ixlib=rb-4.0.3&ixid=M3wxMjA3fDB8MHxzZWFyY2h8OXx8bGFwdG9wfGVufDB8fDB8fHww",
    "reason": "Overheating issues",
    "problem": "Laptop shuts down unexpectedly.",
    "profileImg": "https://images.unsplash.com/photo-1730782736411-b69de44fffd1?w=450&auto=format&fit=crop&q=60&ixlib=rb-4.0.3&ixid=M3wxMjA3fDB8MHxwcm9maWxlLXBhZ2V8MXx8fGVufDB8fHx8fA%3D%3D",
    "assignedTo": "Kongmeng",
    "department": "Back-end",
    "assignedDate": "23 November 2023",
    "reassignDate": "12 November 2024"
},
{
    "id": "11",
    "title": "Projector",
    "qty": 1,
    "unit": 100,
    "condition": "Good",
    "type": "Physical",
    "image": "https://images.unsplash.com/photo-1637656375538-9dfe600ccfd2?w=400&auto=format&fit=crop&q=60&ixlib=rb-4.0.3&ixid=M3wxMjA3fDB8MHxzZWFyY2h8N3x8UHJvamVjdG9yfGVufDB8fDB8fHww",
    "reason": "Blurred projection",
    "problem": "Image is not clear.",
    "profileImg": "https://images.unsplash.com/photo-1730786967469-9bc9eb19814e?w=400&auto=format&fit=crop&q=60&ixlib=rb-4.0.3&ixid=M3wxMjA3fDB8MHxwcm9maWxlLXBhZ2V8MXx8fGVufDB8fHx8fA%3D%3D",
    "assignedTo": "Hongmeng",
    "department": "Project Manager",
    "assignedDate": "11 November 2023",
    "reassignDate": "22 November 2024"
}

]
